order_date,total_sales,total_orders
2015-01-03,16.448,1.0
2015-01-04,288.06,1.0
2015-01-05,19.536,1.0
2015-01-06,1969.2615000000003,3.0
2015-01-07,87.15799999999999,1.0
2015-01-08,0.0,0.0
2015-01-09,40.544,1.0
2015-01-10,54.83,1.0
2015-01-11,9.94,1.0
2015-01-12,0.0,0.0
2015-01-13,2465.2470000000003,4.0
2015-01-14,61.96,1.0
2015-01-15,149.95,1.0
2015-01-16,299.964,1.0
2015-01-17,0.0,0.0
2015-01-18,64.864,1.0
2015-01-19,378.594,1.0
2015-01-20,1907.2810000000002,4.0
2015-01-21,0.0,0.0
2015-01-22,0.0,0.0
2015-01-23,40.08,1.0
2015-01-24,0.0,0.0
2015-01-25,0.0,0.0
2015-01-26,1097.25,2.0
2015-01-27,426.67,1.0
2015-01-28,3.928,1.0
2015-01-29,0.0,0.0
2015-01-30,240.5,1.0
2015-01-31,290.666,1.0
2015-02-01,468.9,1.0
2015-02-02,211.64600000000002,2.0
2015-02-03,97.11200000000001,1.0
2015-02-04,134.38400000000001,2.0
2015-02-05,0.0,0.0
2015-02-06,330.512,2.0
2015-02-07,180.32,2.0
2015-02-08,14.56,1.0
2015-02-09,0.0,0.0
2015-02-10,0.0,0.0
2015-02-11,1287.8205,2.0
2015-02-12,129.568,1.0
2015-02-13,0.0,0.0
2015-02-14,576.726,2.0
2015-02-15,21.36,1.0
2015-02-16,9.04,1.0
2015-02-17,54.208,1.0
2015-02-18,37.784,2.0
2015-02-19,0.0,0.0
2015-02-20,95.59,2.0
2015-02-21,8.85,1.0
2015-02-22,19.44,1.0
2015-02-23,11.364,1.0
2015-02-24,55.672,1.0
2015-02-25,0.0,0.0
2015-02-26,0.0,0.0
2015-02-27,19.456,1.0
2015-02-28,0.0,0.0
2015-03-01,2069.6755000000003,5.0
2015-03-02,47.76,1.0
2015-03-03,1220.1805,5.0
2015-03-04,370.452,2.0
2015-03-05,705.562,1.0
2015-03-06,0.0,0.0
2015-03-07,1561.062,3.0
2015-03-08,0.0,0.0
2015-03-09,0.0,0.0
2015-03-10,606.1885000000001,2.0
2015-03-11,830.9845,4.0
2015-03-12,0.0,0.0
2015-03-13,0.0,0.0
2015-03-14,1395.0010000000002,5.0
2015-03-15,370.78200000000004,1.0
2015-03-16,471.92,1.0
2015-03-17,2197.0495,5.0
2015-03-18,2815.6505000000006,3.0
2015-03-19,590.762,1.0
2015-03-20,0.0,0.0
2015-03-21,1110.5265000000002,4.0
2015-03-22,464.09299999999996,3.0
2015-03-23,840.9525000000001,2.0
2015-03-24,65.38,2.0
2015-03-25,459.146,2.0
2015-03-26,145.13,3.0
2015-03-27,0.0,0.0
2015-03-28,809.1365000000001,2.0
2015-03-29,500.6405000000001,1.0
2015-03-30,1170.3220000000001,6.0
2015-03-31,1161.7770000000003,5.0
2015-04-01,119.88799999999999,2.0
2015-04-02,909.2685000000001,3.0
2015-04-03,0.0,0.0
2015-04-04,475.844,4.0
2015-04-05,1327.1490000000003,4.0
2015-04-06,1497.7805,5.0
2015-04-07,891.8605,3.0
2015-04-08,1243.4705000000001,5.0
2015-04-09,0.0,0.0
2015-04-10,0.0,0.0
2015-04-11,1657.5285000000001,4.0
2015-04-12,1297.9955000000002,2.0
2015-04-13,629.2465000000001,2.0
2015-04-14,0.0,0.0
2015-04-15,294.71999999999997,1.0
2015-04-16,39.072,1.0
2015-04-17,0.0,0.0
2015-04-18,1020.532,2.0
2015-04-19,205.47,2.0
2015-04-20,1006.9905,2.0
2015-04-21,517.1605000000001,2.0
2015-04-22,257.752,1.0
2015-04-23,643.98,3.0
2015-04-24,0.0,0.0
2015-04-25,1393.5945000000002,3.0
2015-04-26,282.568,2.0
2015-04-27,0.0,0.0
2015-04-28,1399.1565,4.0
2015-04-29,707.9005000000001,4.0
2015-04-30,723.3805000000001,2.0
2015-05-01,0.0,0.0
2015-05-02,506.12,2.0
2015-05-03,72.632,2.0
2015-05-04,187.43200000000002,4.0
2015-05-05,260.977,4.0
2015-05-06,254.456,2.0
2015-05-07,719.6705000000001,1.0
2015-05-08,500.6405000000001,1.0
2015-05-09,394.48,2.0
2015-05-10,1412.4395000000002,3.0
2015-05-11,930.4825000000001,5.0
2015-05-12,535.4305,2.0
2015-05-13,898.382,4.0
2015-05-14,310.88,1.0
2015-05-15,0.0,0.0
2015-05-16,289.28,2.0
2015-05-17,91.68,1.0
2015-05-18,665.8085000000001,2.0
2015-05-19,91.62,2.0
2015-05-20,320.10400000000004,2.0
2015-05-21,1931.709,4.0
2015-05-22,180.93,1.0
2015-05-23,323.75800000000004,3.0
2015-05-24,116.28,1.0
2015-05-25,119.53999999999999,2.0
2015-05-26,1325.718,4.0
2015-05-27,1478.0510000000002,3.0
2015-05-28,221.96800000000002,2.0
2015-05-29,0.0,0.0
2015-05-30,1705.5775,5.0
2015-05-31,614.3705000000001,1.0
2015-06-01,2303.4015000000004,4.0
2015-06-02,738.598,2.0
2015-06-03,515.9205000000001,2.0
2015-06-04,456.272,2.0
2015-06-05,0.0,0.0
2015-06-06,882.8775000000002,5.0
2015-06-07,281.397,2.0
2015-06-08,1240.1130000000003,3.0
2015-06-09,2499.51,5.0
2015-06-10,491.55,1.0
2015-06-11,0.0,0.0
2015-06-12,0.0,0.0
2015-06-13,14.52,1.0
2015-06-14,212.94,1.0
2015-06-15,645.6705000000001,2.0
2015-06-16,616.5925000000001,2.0
2015-06-17,590.7505000000001,2.0
2015-06-18,139.8,1.0
2015-06-19,0.0,0.0
2015-06-20,1820.1021,2.0
2015-06-21,2453.6145,7.0
2015-06-22,1621.0390000000002,4.0
2015-06-23,109.49600000000001,2.0
2015-06-24,4.272,1.0
2015-06-25,792.76,2.0
2015-06-26,0.0,0.0
2015-06-27,616.14,1.0
2015-06-28,917.9665000000001,2.0
2015-06-29,46.68,2.0
2015-06-30,739.624,6.0
2015-07-01,525.7445000000001,2.0
2015-07-02,79.56,1.0
2015-07-03,0.0,0.0
2015-07-04,247.40800000000002,2.0
2015-07-05,1444.104,5.0
2015-07-06,979.1205000000001,2.0
2015-07-07,241.19400000000002,1.0
2015-07-08,761.2265000000001,2.0
2015-07-09,265.521,3.0
2015-07-10,0.0,0.0
2015-07-11,1592.729,3.0
2015-07-12,1750.583,5.0
2015-07-13,351.216,1.0
2015-07-14,292.594,5.0
2015-07-15,9.51,1.0
2015-07-16,0.0,0.0
2015-07-17,0.0,0.0
2015-07-18,273.04,2.0
2015-07-19,461.326,2.0
2015-07-20,1770.285,5.0
2015-07-21,1503.265,3.0
2015-07-22,1131.2645000000002,4.0
2015-07-23,1985.7770000000003,3.0
2015-07-24,0.0,0.0
2015-07-25,654.2805000000001,2.0
2015-07-26,2777.9955000000004,5.0
2015-07-27,580.06,3.0
2015-07-28,193.152,1.0
2015-07-29,0.0,0.0
2015-07-30,500.6405000000001,1.0
2015-07-31,0.0,0.0
2015-08-01,228.328,3.0
2015-08-02,548.5405000000001,1.0
2015-08-03,477.994,3.0
2015-08-04,2154.0445,2.0
2015-08-05,1776.0145,5.0
2015-08-06,262.89,2.0
2015-08-07,0.0,0.0
2015-08-08,3206.944,5.0
2015-08-09,1455.054,6.0
2015-08-10,0.0,0.0
2015-08-11,451.62,2.0
2015-08-12,1240.0345000000002,3.0
2015-08-13,0.0,0.0
2015-08-14,0.0,0.0
2015-08-15,337.5,3.0
2015-08-16,500.6405000000001,1.0
2015-08-17,500.342,2.0
2015-08-18,0.0,0.0
2015-08-19,1300.9265,5.0
2015-08-20,1442.3725000000002,2.0
2015-08-21,0.0,0.0
2015-08-22,23.104,3.0
2015-08-23,565.224,4.0
2015-08-24,59.74,3.0
2015-08-25,944.3465000000001,5.0
2015-08-26,366.81,3.0
2015-08-27,1288.5210000000002,3.0
2015-08-28,0.0,0.0
2015-08-29,827.787,2.0
2015-08-30,121.24,1.0
2015-08-31,92.52,1.0
2015-09-01,469.436,3.0
2015-09-02,1901.7410000000002,7.0
2015-09-03,22.08,2.0
2015-09-04,0.0,0.0
2015-09-05,296.304,2.0
2015-09-06,100.36,1.0
2015-09-07,3202.6355000000003,7.0
2015-09-08,4388.358,11.0
2015-09-09,2133.7895000000003,6.0
2015-09-10,868.8285000000001,3.0
2015-09-11,127.95,1.0
2015-09-12,1620.0085000000001,6.0
2015-09-13,1275.408,7.0
2015-09-14,2623.737,6.0
2015-09-15,133.436,2.0
2015-09-16,33.552,1.0
2015-09-17,820.523,5.0
2015-09-18,0.0,0.0
2015-09-19,2249.1710000000003,7.0
2015-09-20,3808.2605000000003,8.0
2015-09-21,1380.3225000000002,7.0
2015-09-22,1161.3785,4.0
2015-09-23,1713.0275000000001,7.0
2015-09-24,211.96,1.0
2015-09-25,354.88880000000006,2.0
2015-09-26,1241.8785,7.0
2015-09-27,670.1605000000001,2.0
2015-09-28,490.29200000000003,3.0
2015-09-29,3572.2105,5.0
2015-09-30,692.7645000000001,6.0
2015-10-01,4.71,1.0
2015-10-02,598.144,1.0
2015-10-03,862.683,5.0
2015-10-04,639.9785,3.0
2015-10-05,191.9,2.0
2015-10-06,494.71,4.0
2015-10-07,237.35999999999999,2.0
2015-10-08,147.392,2.0
2015-10-09,249.35999999999999,2.0
2015-10-10,1574.7710000000002,5.0
2015-10-11,1381.164,5.0
2015-10-12,58.53,2.0
2015-10-13,1414.2725,4.0
2015-10-14,1897.9850000000001,4.0
2015-10-15,206.72400000000002,2.0
2015-10-16,194.322,1.0
2015-10-17,136.068,2.0
2015-10-18,2090.6675000000005,4.0
2015-10-19,641.104,3.0
2015-10-20,1496.4245,3.0
2015-10-21,1265.9225000000001,3.0
2015-10-22,223.808,2.0
2015-10-23,0.0,0.0
2015-10-24,56.49,3.0
2015-10-25,103.882,2.0
2015-10-26,447.88,1.0
2015-10-27,22.32,1.0
2015-10-28,1394.2245000000003,2.0
2015-10-29,578.5005000000001,2.0
2015-10-30,0.0,0.0
2015-10-31,3095.0475,5.0
2015-11-01,2642.9895,8.0
2015-11-02,1787.7670000000003,6.0
2015-11-03,2056.4480000000003,8.0
2015-11-04,2963.6175000000003,6.0
2015-11-05,1115.1085,4.0
2015-11-06,0.0,0.0
2015-11-07,1119.9505000000001,5.0
2015-11-08,333.576,1.0
2015-11-09,1370.7665000000002,2.0
2015-11-10,1803.5915000000002,2.0
2015-11-11,5185.912,8.0
2015-11-12,773.2257000000001,4.0
2015-11-13,0.0,0.0
2015-11-14,702.4405,5.0
2015-11-15,1404.977,4.0
2015-11-16,1355.9285,5.0
2015-11-17,3560.6505,7.0
2015-11-18,3137.972,9.0
2015-11-19,2649.3575000000005,7.0
2015-11-20,574.2605000000001,1.0
2015-11-21,1121.1625000000001,4.0
2015-11-22,928.8185000000001,5.0
2015-11-23,1260.0005,7.0
2015-11-24,3765.8220000000006,10.0
2015-11-25,2816.338,6.0
2015-11-26,1537.5505,5.0
2015-11-27,203.66,2.0
2015-11-28,1782.6205000000002,7.0
2015-11-29,573.7645000000001,4.0
2015-11-30,219.154,3.0
2015-12-01,2575.3460000000005,6.0
2015-12-02,1388.5285000000001,6.0
2015-12-03,505.88,2.0
2015-12-04,129.98,1.0
2015-12-05,2351.2585,7.0
2015-12-06,1210.2885,5.0
2015-12-07,548.4,4.0
2015-12-08,991.8405,4.0
2015-12-09,943.3165000000001,5.0
2015-12-10,573.336,2.0
2015-12-11,0.0,0.0
2015-12-12,1564.1495000000002,5.0
2015-12-13,293.152,5.0
2015-12-14,1142.3385,5.0
2015-12-15,1001.8265000000001,4.0
2015-12-16,2522.5965,7.0
2015-12-17,45.534,2.0
2015-12-18,0.0,0.0
2015-12-19,2034.381,4.0
2015-12-20,4453.0315,10.0
2015-12-21,1036.8010000000002,3.0
2015-12-22,798.968,4.0
2015-12-23,942.108,4.0
2015-12-24,1632.4665,5.0
2015-12-25,0.0,0.0
2015-12-26,1941.4965,7.0
2015-12-27,2253.6910000000003,9.0
2015-12-28,1242.1770000000001,2.0
2015-12-29,1804.7845,7.0
2015-12-30,2098.183,7.0
2015-12-31,2888.0235000000002,7.0
2016-01-01,0.0,0.0
2016-01-02,1244.7365,2.0
2016-01-03,916.4645,2.0
2016-01-04,264.46000000000004,2.0
2016-01-05,295.272,3.0
2016-01-06,31.538,1.0
2016-01-07,0.0,0.0
2016-01-08,0.0,0.0
2016-01-09,364.07,1.0
2016-01-10,500.6405000000001,1.0
2016-01-11,0.0,0.0
2016-01-12,747.496,2.0
2016-01-13,622.278,2.0
2016-01-14,0.0,0.0
2016-01-15,0.0,0.0
2016-01-16,0.0,0.0
2016-01-17,350.384,3.0
2016-01-18,0.0,0.0
2016-01-19,301.742,1.0
2016-01-20,0.0,0.0
2016-01-21,0.0,0.0
2016-01-22,0.0,0.0
2016-01-23,43.66,1.0
2016-01-24,13.12,1.0
2016-01-25,0.0,0.0
2016-01-26,182.72,1.0
2016-01-27,1269.9725,2.0
2016-01-28,500.6405000000001,1.0
2016-01-29,0.0,0.0
2016-01-30,742.3045000000001,2.0
2016-01-31,99.26,1.0
2016-02-01,0.0,0.0
2016-02-02,0.0,0.0
2016-02-03,492.836,5.0
2016-02-04,0.0,0.0
2016-02-05,0.0,0.0
2016-02-06,1494.2530000000002,4.0
2016-02-07,324.10999999999996,1.0
2016-02-08,129.09199999999998,2.0
2016-02-09,785.5519999999999,4.0
2016-02-10,77.24,1.0
2016-02-11,0.0,0.0
2016-02-12,0.0,0.0
2016-02-13,0.0,0.0
2016-02-14,954.6125000000002,2.0
2016-02-15,1362.2410000000002,2.0
2016-02-16,160.43,2.0
2016-02-17,0.0,0.0
2016-02-18,105.844,2.0
2016-02-19,0.0,0.0
2016-02-20,316.78000000000003,2.0
2016-02-21,549.7605000000001,2.0
2016-02-22,79.36,1.0
2016-02-23,37.775999999999996,1.0
2016-02-24,0.0,0.0
2016-02-25,25.869999999999997,1.0
2016-02-26,0.0,0.0
2016-02-27,1120.9915,3.0
2016-02-28,551.264,1.0
2016-02-29,0.0,0.0
2016-03-01,914.8165000000001,5.0
2016-03-02,612.6805,2.0
2016-03-03,0.0,0.0
2016-03-04,0.0,0.0
2016-03-05,1906.5075000000002,7.0
2016-03-06,935.9005000000001,1.0
2016-03-07,720.2105000000001,1.0
2016-03-08,1921.3975000000003,4.0
2016-03-09,478.008,2.0
2016-03-10,90.93199999999999,2.0
2016-03-11,0.0,0.0
2016-03-12,51.016000000000005,2.0
2016-03-13,970.3605000000001,2.0
2016-03-14,536.6005000000001,2.0
2016-03-15,16.776,1.0
2016-03-16,1375.9005000000002,6.0
2016-03-17,48.84,1.0
2016-03-18,0.0,0.0
2016-03-19,1807.601,6.0
2016-03-20,102.52000000000001,3.0
2016-03-21,808.9395000000002,1.0
2016-03-22,1494.0885,5.0
2016-03-23,633.302,4.0
2016-03-24,412.95,3.0
2016-03-25,0.0,0.0
2016-03-26,131.16,2.0
2016-03-27,83.7,1.0
2016-03-28,243.344,3.0
2016-03-29,892.8005,5.0
2016-03-30,571.224,2.0
2016-03-31,200.716,2.0
2016-04-01,0.0,0.0
2016-04-02,299.22,4.0
2016-04-03,0.0,0.0
2016-04-04,1241.823,2.0
2016-04-05,2472.8115000000003,5.0
2016-04-06,140.004,2.0
2016-04-07,907.436,3.0
2016-04-08,0.0,0.0
2016-04-09,757.992,3.0
2016-04-10,169.54199999999997,2.0
2016-04-11,1189.0185000000001,3.0
2016-04-12,0.0,0.0
2016-04-13,2873.1470000000004,8.0
2016-04-14,35.208,1.0
2016-04-15,0.0,0.0
2016-04-16,2434.8060000000005,5.0
2016-04-17,1514.7770000000003,2.0
2016-04-18,1560.4305000000002,6.0
2016-04-19,329.96,1.0
2016-04-20,1099.9865000000002,3.0
2016-04-21,893.0899999999999,1.0
2016-04-22,152.916,1.0
2016-04-23,0.0,0.0
2016-04-24,25.99,1.0
2016-04-25,920.946,5.0
2016-04-26,1758.8100000000002,4.0
2016-04-27,1073.4210000000003,2.0
2016-04-28,732.0325,2.0
2016-04-29,7.968,1.0
2016-04-30,1049.3655,4.0
2016-05-01,450.94,3.0
2016-05-02,167.232,1.0
2016-05-03,1690.045,4.0
2016-05-04,675.6585000000001,4.0
2016-05-05,0.0,0.0
2016-05-06,0.0,0.0
2016-05-07,305.622,2.0
2016-05-08,1682.6645,5.0
2016-05-09,48.81,1.0
2016-05-10,154.442,2.0
2016-05-11,191.968,1.0
2016-05-12,941.8385000000001,5.0
2016-05-13,238.384,1.0
2016-05-14,2292.8915,3.0
2016-05-15,69.908,2.0
2016-05-16,255.968,1.0
2016-05-17,47.368,1.0
2016-05-18,10.86,1.0
2016-05-19,0.0,0.0
2016-05-20,169.54399999999998,1.0
2016-05-21,72.332,3.0
2016-05-22,1114.3310000000001,1.0
2016-05-23,955.0965000000001,4.0
2016-05-24,508.2965000000001,1.0
2016-05-25,1394.3305,5.0
2016-05-26,982.5640000000001,3.0
2016-05-27,0.0,0.0
2016-05-28,759.3765000000001,4.0
2016-05-29,1079.8565,3.0
2016-05-30,681.1,2.0
2016-05-31,2204.719,8.0
2016-06-01,834.1980000000001,3.0
2016-06-02,0.0,0.0
2016-06-03,0.0,0.0
2016-06-04,702.9805000000001,3.0
2016-06-05,511.2005000000001,2.0
2016-06-06,0.0,0.0
2016-06-07,59.768,2.0
2016-06-08,145.504,1.0
2016-06-09,797.116,4.0
2016-06-10,0.0,0.0
2016-06-11,2151.1335000000004,2.0
2016-06-12,174.476,4.0
2016-06-13,729.5685000000001,5.0
2016-06-14,51.072,1.0
2016-06-15,734.144,3.0
2016-06-16,894.1685000000001,3.0
2016-06-17,0.0,0.0
2016-06-18,1740.5915000000002,5.0
2016-06-19,446.346,4.0
2016-06-20,829.544,3.0
2016-06-21,107.976,1.0
2016-06-22,1006.2410000000002,3.0
2016-06-23,836.9580000000001,3.0
2016-06-24,0.0,0.0
2016-06-25,857.08,4.0
2016-06-26,1120.9565000000002,4.0
2016-06-27,0.0,0.0
2016-06-28,1005.0365000000002,2.0
2016-06-29,432.92600000000004,4.0
2016-06-30,0.0,0.0
2016-07-01,0.0,0.0
2016-07-02,1631.902,5.0
2016-07-03,823.982,2.0
2016-07-04,538.9685000000001,3.0
2016-07-05,121.646,4.0
2016-07-06,1278.8025,4.0
2016-07-07,0.0,0.0
2016-07-08,21.12,1.0
2016-07-09,1587.114,5.0
2016-07-10,43.286,2.0
2016-07-11,1726.5925000000002,3.0
2016-07-12,1857.1360000000002,2.0
2016-07-13,602.8565000000001,3.0
2016-07-14,860.9159999999999,1.0
2016-07-15,0.0,0.0
2016-07-16,1882.5515000000003,3.0
2016-07-17,448.082,3.0
2016-07-18,506.4005000000001,2.0
2016-07-19,2.025,1.0
2016-07-20,1949.8190000000002,2.0
2016-07-21,0.0,0.0
2016-07-22,0.0,0.0
2016-07-23,208.272,2.0
2016-07-24,525.95,1.0
2016-07-25,2006.5175000000002,4.0
2016-07-26,958.857,4.0
2016-07-27,29.97,1.0
2016-07-28,0.0,0.0
2016-07-29,0.0,0.0
2016-07-30,443.802,3.0
2016-07-31,1313.0110000000002,3.0
2016-08-01,507.3605000000001,1.0
2016-08-02,1232.7185,3.0
2016-08-03,0.0,0.0
2016-08-04,0.0,0.0
2016-08-05,72.65,1.0
2016-08-06,494.86920000000003,2.0
2016-08-07,968.206,6.0
2016-08-08,760.1120000000001,2.0
2016-08-09,3373.5860000000002,5.0
2016-08-10,851.4739999999999,3.0
2016-08-11,196.112,2.0
2016-08-12,0.0,0.0
2016-08-13,586.896,6.0
2016-08-14,0.0,0.0
2016-08-15,497.59000000000003,2.0
2016-08-16,1980.4610000000002,3.0
2016-08-17,381.64,2.0
2016-08-18,0.0,0.0
2016-08-19,0.0,0.0
2016-08-20,0.0,0.0
2016-08-21,2438.146,5.0
2016-08-22,66.632,2.0
2016-08-23,1159.9785000000002,2.0
2016-08-24,3387.7105000000006,6.0
2016-08-25,178.52599999999998,2.0
2016-08-26,0.0,0.0
2016-08-27,639.9739999999999,3.0
2016-08-28,2972.7650000000003,4.0
2016-08-29,246.5,1.0
2016-08-30,0.0,0.0
2016-08-31,1494.2870000000003,4.0
2016-09-01,1320.101,2.0
2016-09-02,0.0,0.0
2016-09-03,1709.2905,8.0
2016-09-04,951.9745,4.0
2016-09-05,934.1030000000001,4.0
2016-09-06,919.674,7.0
2016-09-07,2400.7645,7.0
2016-09-08,89.64,2.0
2016-09-09,0.0,0.0
2016-09-10,1415.726,7.0
2016-09-11,1690.0905000000002,5.0
2016-09-12,707.824,3.0
2016-09-13,1093.8605000000002,5.0
2016-09-14,1980.4075000000003,5.0
2016-09-15,1678.3110000000001,5.0
2016-09-16,31.12,1.0
2016-09-17,3551.6140000000005,7.0
2016-09-18,2812.3315000000002,6.0
2016-09-19,500.38,6.0
2016-09-20,966.9285000000001,5.0
2016-09-21,4597.991500000001,7.0
2016-09-22,1446.7450000000001,5.0
2016-09-23,0.0,0.0
2016-09-24,2277.5160000000005,9.0
2016-09-25,2090.498,11.0
2016-09-26,2979.224,7.0
2016-09-27,1011.7185000000001,5.0
2016-09-28,1058.364,4.0
2016-09-29,0.0,0.0
2016-09-30,0.0,0.0
2016-10-01,1086.2545,4.0
2016-10-02,1265.9465,9.0
2016-10-03,275.218,3.0
2016-10-04,505.58,3.0
2016-10-05,851.092,5.0
2016-10-06,0.0,0.0
2016-10-07,0.0,0.0
2016-10-08,222.12,3.0
2016-10-09,1882.9060000000002,5.0
2016-10-10,554.0165000000001,3.0
2016-10-11,554.9585000000001,2.0
2016-10-12,1866.5510000000002,4.0
2016-10-13,371.65999999999997,1.0
2016-10-14,0.0,0.0
2016-10-15,1266.7645,5.0
2016-10-16,500.6405000000001,1.0
2016-10-17,77.88,1.0
2016-10-18,378.494,2.0
2016-10-19,995.0305000000001,4.0
2016-10-20,720.086,3.0
2016-10-21,0.0,0.0
2016-10-22,15.128,2.0
2016-10-23,1920.5845,5.0
2016-10-24,831.145,3.0
2016-10-25,1343.7165,4.0
2016-10-26,1177.3335000000002,3.0
2016-10-27,0.0,0.0
2016-10-28,104.51,1.0
2016-10-29,244.24,1.0
2016-10-30,1586.8845000000001,4.0
2016-10-31,2415.8095000000003,5.0
2016-11-01,2203.4970000000003,7.0
2016-11-02,2857.8115000000003,7.0
2016-11-03,1140.4590000000003,3.0
2016-11-04,0.0,0.0
2016-11-05,834.874,7.0
2016-11-06,11.481,1.0
2016-11-07,2013.6690000000003,7.0
2016-11-08,4023.1150000000002,11.0
2016-11-09,1875.9835000000003,6.0
2016-11-10,2687.0825000000004,4.0
2016-11-11,542.178,1.0
2016-11-12,1104.7125,4.0
2016-11-13,2754.5545,9.0
2016-11-14,1804.0410000000002,6.0
2016-11-15,702.17,4.0
2016-11-16,3201.7160000000003,5.0
2016-11-17,2745.5575000000003,3.0
2016-11-18,0.0,0.0
2016-11-19,679.6645000000001,3.0
2016-11-20,2789.6305,13.0
2016-11-21,2861.5113,8.0
2016-11-22,614.499,9.0
2016-11-23,1325.7085000000002,3.0
2016-11-24,1218.7640000000001,3.0
2016-11-25,13.12,1.0
2016-11-26,1192.9010000000003,3.0
2016-11-27,2861.672,8.0
2016-11-28,1717.2185000000002,8.0
2016-11-29,2076.4895,5.0
2016-11-30,1617.6295,8.0
2016-12-01,2038.5235000000002,7.0
2016-12-02,0.0,0.0
2016-12-03,1882.9335,7.0
2016-12-04,2789.2870000000003,7.0
2016-12-05,897.322,8.0
2016-12-06,3617.6835,12.0
2016-12-07,1064.9985000000001,5.0
2016-12-08,1454.9685000000002,4.0
2016-12-09,34.02,1.0
2016-12-10,2437.4175,8.0
2016-12-11,1590.894,7.0
2016-12-12,1448.854,8.0
2016-12-13,1023.386,4.0
2016-12-14,488.744,7.0
2016-12-15,2271.4535,4.0
2016-12-16,4.98,1.0
2016-12-17,1872.4725,3.0
2016-12-18,789.1525000000001,5.0
2016-12-19,2878.3340000000003,7.0
2016-12-20,1107.464,8.0
2016-12-21,1903.3415000000002,6.0
2016-12-22,473.313,2.0
2016-12-23,194.32,1.0
2016-12-24,2612.6595,7.0
2016-12-25,3115.8935,8.0
2016-12-26,561.486,4.0
2016-12-27,3900.8195,10.0
2016-12-28,79.2,2.0
2016-12-29,0.0,0.0
2016-12-30,1203.4205000000002,1.0
2016-12-31,1381.344,5.0
2017-01-01,0.0,0.0
2017-01-02,405.91999999999996,1.0
2017-01-03,1003.6205000000001,3.0
2017-01-04,609.8925,2.0
2017-01-05,255.904,1.0
2017-01-06,0.0,0.0
2017-01-07,83.576,2.0
2017-01-08,793.9185000000001,2.0
2017-01-09,743.0459999999999,2.0
2017-01-10,174.75,2.0
2017-01-11,149.444,2.0
2017-01-12,0.0,0.0
2017-01-13,0.0,0.0
2017-01-14,405.344,1.0
2017-01-15,701.923,4.0
2017-01-16,102.21799999999999,1.0
2017-01-17,1040.55,2.0
2017-01-18,0.0,0.0
2017-01-19,0.0,0.0
2017-01-20,0.0,0.0
2017-01-21,654.2085000000001,1.0
2017-01-22,917.63,7.0
2017-01-23,668.6505000000001,2.0
2017-01-24,31.36,1.0
2017-01-25,858.712,2.0
2017-01-26,0.0,0.0
2017-01-27,0.0,0.0
2017-01-28,39.68,1.0
2017-01-29,0.0,0.0
2017-01-30,2042.5290000000002,5.0
2017-01-31,831.2045,4.0
2017-02-01,161.97,2.0
2017-02-02,747.4745,3.0
2017-02-03,500.6405000000001,1.0
2017-02-04,197.868,3.0
2017-02-05,2937.3885,2.0
2017-02-06,132.224,1.0
2017-02-07,638.8225000000001,3.0
2017-02-08,742.1405000000001,2.0
2017-02-09,121.83,1.0
2017-02-10,0.0,0.0
2017-02-11,69.93,1.0
2017-02-12,516.5605,1.0
2017-02-13,146.82,1.0
2017-02-14,788.1305000000001,2.0
2017-02-15,407.072,1.0
2017-02-16,1135.638,4.0
2017-02-17,0.0,0.0
2017-02-18,0.0,0.0
2017-02-19,392.65999999999997,3.0
2017-02-20,16.496,1.0
2017-02-21,1524.126,4.0
2017-02-22,983.17,2.0
2017-02-23,57.576,1.0
2017-02-24,0.0,0.0
2017-02-25,46.72,1.0
2017-02-26,0.0,0.0
2017-02-27,243.892,3.0
2017-02-28,147.584,2.0
2017-03-01,1550.5650000000003,2.0
2017-03-02,0.0,0.0
2017-03-03,3634.9455000000003,6.0
2017-03-04,315.45,4.0
2017-03-05,162.344,1.0
2017-03-06,811.303,2.0
2017-03-07,21.072,1.0
2017-03-08,1327.4905,6.0
2017-03-09,635.6,2.0
2017-03-10,1364.5030000000002,5.0
2017-03-11,896.0219999999999,4.0
2017-03-12,1249.0210000000002,4.0
2017-03-13,4306.799,6.0
2017-03-14,669.3679999999999,5.0
2017-03-15,954.6005,3.0
2017-03-16,0.0,0.0
2017-03-17,1488.1650000000002,4.0
2017-03-18,690.5225,2.0
2017-03-19,138.68,3.0
2017-03-20,731.7915000000002,4.0
2017-03-21,617.9165,2.0
2017-03-22,226.46800000000002,2.0
2017-03-23,0.0,0.0
2017-03-24,745.774,3.0
2017-03-25,560.1605000000001,2.0
2017-03-26,682.246,3.0
2017-03-27,92.69999999999999,1.0
2017-03-28,125.30000000000001,2.0
2017-03-29,2003.7680000000003,3.0
2017-03-30,11.34,1.0
2017-03-31,640.762,2.0
2017-04-01,1344.6285,7.0
2017-04-02,500.6405000000001,1.0
2017-04-03,441.198,3.0
2017-04-04,882.0505,3.0
2017-04-05,777.7905000000001,2.0
2017-04-06,500.6405000000001,1.0
2017-04-07,1042.861,4.0
2017-04-08,2318.2525,8.0
2017-04-09,1041.913,3.0
2017-04-10,871.7245000000001,4.0
2017-04-11,0.0,0.0
2017-04-12,1404.8825000000002,4.0
2017-04-13,6.12,1.0
2017-04-14,1033.6765,4.0
2017-04-15,1580.9285,4.0
2017-04-16,735.7965,4.0
2017-04-17,421.08500000000004,4.0
2017-04-18,1460.2425,4.0
2017-04-19,1414.132,3.0
2017-04-20,0.0,0.0
2017-04-21,271.616,3.0
2017-04-22,993.4755000000001,5.0
2017-04-23,720.368,4.0
2017-04-24,781.9805000000001,3.0
2017-04-25,108.42,1.0
2017-04-26,434.646,1.0
2017-04-27,0.0,0.0
2017-04-28,486.672,4.0
2017-04-29,0.0,0.0
2017-04-30,142.208,3.0
2017-05-01,517.866,2.0
2017-05-02,767.316,5.0
2017-05-03,1099.013,2.0
2017-05-04,0.0,0.0
2017-05-05,1516.0405,8.0
2017-05-06,236.96,4.0
2017-05-07,1336.6665,1.0
2017-05-08,834.8285000000001,3.0
2017-05-09,927.4965000000001,7.0
2017-05-10,519.6725,3.0
2017-05-11,5.98,1.0
2017-05-12,787.5585000000001,5.0
2017-05-13,0.0,0.0
2017-05-14,455.93,3.0
2017-05-15,637.7125000000001,4.0
2017-05-16,828.5405000000001,3.0
2017-05-17,346.922,3.0
2017-05-18,122.22,1.0
2017-05-19,1440.6885,5.0
2017-05-20,1060.034,4.0
2017-05-21,822.4545000000002,5.0
2017-05-22,1637.0005,3.0
2017-05-23,1182.3550000000002,4.0
2017-05-24,277.756,2.0
2017-05-25,544.9605000000001,1.0
2017-05-26,1975.356,6.0
2017-05-27,1504.0910000000001,3.0
2017-05-28,2079.5645,5.0
2017-05-29,583.8755000000001,2.0
2017-05-30,4067.9245000000005,10.0
2017-05-31,438.85900000000004,2.0
2017-06-01,0.0,0.0
2017-06-02,157.844,2.0
2017-06-03,0.0,0.0
2017-06-04,1467.3135,3.0
2017-06-05,659.82,4.0
2017-06-06,2740.405,6.0
2017-06-07,51.562,3.0
2017-06-08,0.0,0.0
2017-06-09,1301.1130000000003,4.0
2017-06-10,577.3565000000001,2.0
2017-06-11,1221.3445000000002,4.0
2017-06-12,2455.2245000000003,8.0
2017-06-13,430.43800000000005,3.0
2017-06-14,1951.1975000000002,6.0
2017-06-15,173.488,1.0
2017-06-16,147.27499999999998,3.0
2017-06-17,2934.5905000000002,7.0
2017-06-18,541.938,2.0
2017-06-19,17.12,1.0
2017-06-20,1229.548,6.0
2017-06-21,577.108,2.0
2017-06-22,0.0,0.0
2017-06-23,1778.861,4.0
2017-06-24,1334.7925,4.0
2017-06-25,893.266,3.0
2017-06-26,1715.9905,9.0
2017-06-27,739.6885000000001,2.0
2017-06-28,877.156,3.0
2017-06-29,191.88,1.0
2017-06-30,586.7305000000001,2.0
2017-07-01,725.0665000000001,4.0
2017-07-02,744.9965000000001,3.0
2017-07-03,641.4805000000001,3.0
2017-07-04,872.7765,2.0
2017-07-05,0.0,0.0
2017-07-06,0.0,0.0
2017-07-07,1582.9115000000002,6.0
2017-07-08,1767.9535000000003,5.0
2017-07-09,573.286,1.0
2017-07-10,895.895,4.0
2017-07-11,0.0,0.0
2017-07-12,95.76,1.0
2017-07-13,0.0,0.0
2017-07-14,2071.4645,10.0
2017-07-15,380.2,2.0
2017-07-16,910.17,4.0
2017-07-17,2088.5205,5.0
2017-07-18,2401.8515,6.0
2017-07-19,1532.1945,2.0
2017-07-20,89.95,1.0
2017-07-21,991.095,4.0
2017-07-22,902.8385000000001,5.0
2017-07-23,654.587,4.0
2017-07-24,326.964,2.0
2017-07-25,2110.5330000000004,9.0
2017-07-26,0.0,0.0
2017-07-27,0.0,0.0
2017-07-28,1164.2505,4.0
2017-07-29,615.0345000000001,3.0
2017-07-30,1019.7930000000001,3.0
2017-07-31,1676.351,2.0
2017-08-01,585.5605000000002,3.0
2017-08-02,482.584,1.0
2017-08-03,248.82,1.0
2017-08-04,497.90999999999997,3.0
2017-08-05,197.05,1.0
2017-08-06,320.38800000000003,3.0
2017-08-07,179.97,1.0
2017-08-08,1102.8205,4.0
2017-08-09,592.4585000000001,2.0
2017-08-10,0.0,0.0
2017-08-11,151.82,1.0
2017-08-12,1900.6255000000003,6.0
2017-08-13,731.524,5.0
2017-08-14,923.688,3.0
2017-08-15,1475.3625,5.0
2017-08-16,204.54000000000002,3.0
2017-08-17,15.712,1.0
2017-08-18,496.114,4.0
2017-08-19,448.792,1.0
2017-08-20,14.78,1.0
2017-08-21,1524.0510000000002,4.0
2017-08-22,405.35,6.0
2017-08-23,2885.7505000000006,4.0
2017-08-24,0.0,0.0
2017-08-25,0.0,0.0
2017-08-26,3247.7270000000003,12.0
2017-08-27,767.9110000000001,4.0
2017-08-28,322.0248,3.0
2017-08-29,632.188,4.0
2017-08-30,1370.7665000000002,2.0
2017-08-31,23.968,1.0
2017-09-01,1911.6245000000001,6.0
2017-09-02,4259.9395,10.0
2017-09-03,1724.7665,9.0
2017-09-04,1673.0425,7.0
2017-09-05,3687.418,19.0
2017-09-06,1091.8245000000002,5.0
2017-09-07,0.0,0.0
2017-09-08,2497.529,10.0
2017-09-09,84.992,3.0
2017-09-10,1855.9650000000001,6.0
2017-09-11,2227.7035,8.0
2017-09-12,1485.3125,6.0
2017-09-13,1538.9305,1.0
2017-09-14,964.4105000000002,2.0
2017-09-15,1132.505,5.0
2017-09-16,425.88599999999997,3.0
2017-09-17,2043.126,9.0
2017-09-18,3534.6860000000006,8.0
2017-09-19,2161.3115000000003,9.0
2017-09-20,1232.004,5.0
2017-09-21,0.0,0.0
2017-09-22,418.062,9.0
2017-09-23,1290.0815000000002,7.0
2017-09-24,2213.0350000000003,8.0
2017-09-25,2384.003,7.0
2017-09-26,2451.2490000000003,10.0
2017-09-27,1036.0180000000003,4.0
2017-09-28,99.136,1.0
2017-09-29,912.9925000000001,7.0
2017-09-30,502.6045000000001,2.0
2017-10-01,781.414,5.0
2017-10-02,1218.323,3.0
2017-10-03,1167.5490000000002,4.0
2017-10-04,1013.5125,4.0
2017-10-05,0.0,0.0
2017-10-06,627.3305000000001,2.0
2017-10-07,636.7525,5.0
2017-10-08,561.5360000000001,4.0
2017-10-09,546.92,3.0
2017-10-10,252.36100000000002,2.0
2017-10-11,33.064,1.0
2017-10-12,0.0,0.0
2017-10-13,1423.8085,4.0
2017-10-14,1595.489,4.0
2017-10-15,1252.2005000000001,3.0
2017-10-16,142.182,1.0
2017-10-17,1526.3965000000003,4.0
2017-10-18,307.92,1.0
2017-10-19,0.0,0.0
2017-10-20,946.174,6.0
2017-10-21,3138.1215,11.0
2017-10-22,188.28,3.0
2017-10-23,467.42199999999997,3.0
2017-10-24,1365.498,5.0
2017-10-25,500.6405000000001,1.0
2017-10-26,0.0,0.0
2017-10-27,978.7900000000001,5.0
2017-10-28,2061.022,8.0
2017-10-29,131.154,3.0
2017-10-30,159.002,3.0
2017-10-31,2262.44,5.0
2017-11-01,453.374,3.0
2017-11-02,0.0,0.0
2017-11-03,2859.657,8.0
2017-11-04,3049.1440000000002,10.0
2017-11-05,3192.2275000000004,9.0
2017-11-06,773.2560000000001,3.0
2017-11-07,2707.9685,11.0
2017-11-08,762.6005,1.0
2017-11-09,479.97,1.0
2017-11-10,4122.069,14.0
2017-11-11,2595.0930000000003,9.0
2017-11-12,2730.6315000000004,5.0
2017-11-13,1165.8185,9.0
2017-11-14,2074.7265,9.0
2017-11-15,1500.1830000000002,4.0
2017-11-16,36.72,2.0
2017-11-17,142.684,3.0
2017-11-18,2427.9735,8.0
2017-11-19,638.462,7.0
2017-11-20,2626.0435,10.0
2017-11-21,1176.891,7.0
2017-11-22,317.044,4.0
2017-11-23,100.61599999999999,1.0
2017-11-24,4115.6565,13.0
2017-11-25,2848.4775000000004,7.0
2017-11-26,2789.6205000000004,9.0
2017-11-27,1305.769,7.0
2017-11-28,2040.333,4.0
2017-11-29,300.592,2.0
2017-11-30,970.142,2.0
2017-12-01,4133.369500000001,12.0
2017-12-02,2695.3235000000004,7.0
2017-12-03,3725.1420000000003,6.0
2017-12-04,944.2860000000001,4.0
2017-12-05,3404.2155000000002,9.0
2017-12-06,2391.8705,3.0
2017-12-07,0.0,0.0
2017-12-08,3011.7985000000003,8.0
2017-12-09,1299.2635,9.0
2017-12-10,2349.6510000000003,7.0
2017-12-11,5181.445,9.0
2017-12-12,1716.7555,4.0
2017-12-13,580.4565000000001,3.0
2017-12-14,828.654,3.0
2017-12-15,1421.2330000000002,5.0
2017-12-16,565.2625000000002,5.0
2017-12-17,1290.1550000000002,5.0
2017-12-18,4483.943,9.0
2017-12-19,815.1120000000001,4.0
2017-12-20,134.54,3.0
2017-12-21,0.0,0.0
2017-12-22,701.0485000000001,4.0
2017-12-23,3777.809,8.0
2017-12-24,1599.9330000000002,5.0
2017-12-25,4540.0095,8.0
2017-12-26,1427.3465,7.0
2017-12-27,614.6425,6.0
2017-12-28,0.0,0.0
2017-12-29,1023.8705000000001,8.0
2017-12-30,773.774,6.0
2017-12-31,731.768,5.0
2018-01-01,1481.8280000000002,4.0
2018-01-02,1471.7050000000002,3.0
2018-01-03,548.6405000000001,2.0
2018-01-04,0.0,0.0
2018-01-05,0.0,0.0
2018-01-06,33.74,1.0
2018-01-07,836.2485,3.0
2018-01-08,500.6405000000001,1.0
2018-01-09,274.491,1.0
2018-01-10,0.0,0.0
2018-01-11,0.0,0.0
2018-01-12,588.1805,3.0
2018-01-13,955.9205000000002,1.0
2018-01-14,697.338,4.0
2018-01-15,716.7605000000001,4.0
2018-01-16,1286.9725,2.0
2018-01-17,0.0,0.0
2018-01-18,0.0,0.0
2018-01-19,1584.7850000000003,3.0
2018-01-20,767.838,5.0
2018-01-21,2427.3335,4.0
2018-01-22,1087.6830000000002,2.0
2018-01-23,450.334,3.0
2018-01-24,418.66599999999994,2.0
2018-01-25,0.0,0.0
2018-01-26,615.9905000000001,4.0
2018-01-27,331.914,2.0
2018-01-28,1007.52,3.0
2018-01-29,158.642,4.0
2018-01-30,2142.6800000000003,6.0
2018-01-31,0.0,0.0
2018-02-01,0.0,0.0
2018-02-02,913.354,3.0
2018-02-03,922.327,3.0
2018-02-04,32.67,1.0
2018-02-05,1122.9525,2.0
2018-02-06,904.354,4.0
2018-02-07,0.0,0.0
2018-02-08,0.0,0.0
2018-02-09,773.7639999999999,3.0
2018-02-10,227.103,2.0
2018-02-11,779.0205000000001,4.0
2018-02-12,0.0,0.0
2018-02-13,759.1105000000001,4.0
2018-02-14,0.0,0.0
2018-02-15,0.0,0.0
2018-02-16,1158.6550000000002,3.0
2018-02-17,2566.0279,5.0
2018-02-18,287.326,1.0
2018-02-19,569.3705000000001,3.0
2018-02-20,1150.29,4.0
2018-02-21,47.904,1.0
2018-02-22,0.0,0.0
2018-02-23,117.79999999999998,2.0
2018-02-24,629.5165000000001,2.0
2018-02-25,430.49199999999996,2.0
2018-02-26,1687.0310000000002,2.0
2018-02-27,0.0,0.0
2018-02-28,17.62,1.0
2018-03-01,0.0,0.0
2018-03-02,1450.126,6.0
2018-03-03,1451.3045000000002,5.0
2018-03-04,228.822,3.0
2018-03-05,1240.02,3.0
2018-03-06,778.236,5.0
2018-03-07,166.59,2.0
2018-03-08,695.9005000000001,2.0
2018-03-09,710.804,2.0
2018-03-10,820.1845000000001,5.0
2018-03-11,1302.2190000000003,3.0
2018-03-12,353.28,3.0
2018-03-13,3500.1510000000003,8.0
2018-03-14,49.616,1.0
2018-03-15,0.0,0.0
2018-03-16,1855.0455000000002,4.0
2018-03-17,542.746,4.0
2018-03-18,990.8545,6.0
2018-03-19,1803.9250000000002,4.0
2018-03-20,899.568,4.0
2018-03-21,1802.1970000000001,6.0
2018-03-22,0.0,0.0
2018-03-23,1316.7485000000001,6.0
2018-03-24,1257.298,4.0
2018-03-25,2541.1065,6.0
2018-03-26,1353.5605,5.0
2018-03-27,2310.907,4.0
2018-03-28,1177.7830000000001,2.0
2018-03-29,81.4,1.0
2018-03-30,656.407,5.0
2018-03-31,2133.4723000000004,8.0
2018-04-01,1673.6445,6.0
2018-04-02,822.97,4.0
2018-04-03,32.528,2.0
2018-04-04,808.47,4.0
2018-04-05,0.0,0.0
2018-04-06,114.41999999999999,2.0
2018-04-07,1733.9810000000002,2.0
2018-04-08,2120.681,4.0
2018-04-09,1625.5405,4.0
2018-04-10,755.529,5.0
2018-04-11,319.806,4.0
2018-04-12,69.66,1.0
2018-04-13,950.5445000000001,3.0
2018-04-14,652.93,5.0
2018-04-15,332.338,6.0
2018-04-16,944.429,6.0
2018-04-17,1382.1145000000001,4.0
2018-04-18,0.0,0.0
2018-04-19,0.0,0.0
2018-04-20,1053.614,4.0
2018-04-21,846.3845000000001,5.0
2018-04-22,773.2725,3.0
2018-04-23,1199.222,7.0
2018-04-24,877.1985000000002,6.0
2018-04-25,678.113,6.0
2018-04-26,61.608000000000004,2.0
2018-04-27,576.5756,3.0
2018-04-28,543.9525000000001,3.0
2018-04-29,505.5505000000001,2.0
2018-04-30,1213.1865,12.0
2018-05-01,1372.469,3.0
2018-05-02,399.11,3.0
2018-05-03,1123.5465000000002,3.0
2018-05-04,1075.4455,4.0
2018-05-05,185.123,4.0
2018-05-06,2470.0105000000003,7.0
2018-05-07,1591.4585000000002,3.0
2018-05-08,799.2425000000001,5.0
2018-05-09,1078.222,2.0
2018-05-10,0.0,0.0
2018-05-11,449.469,4.0
2018-05-12,970.384,6.0
2018-05-13,2535.0195000000003,5.0
2018-05-14,2844.6535000000003,7.0
2018-05-15,421.264,3.0
2018-05-16,221.024,1.0
2018-05-17,0.0,0.0
2018-05-18,1624.2885,7.0
2018-05-19,3610.235,10.0
2018-05-20,2153.3395000000005,4.0
2018-05-21,518.6105000000001,1.0
2018-05-22,336.56199999999995,4.0
2018-05-23,241.436,2.0
2018-05-24,0.0,0.0
2018-05-25,722.7465000000001,3.0
2018-05-26,270.24,3.0
2018-05-27,2045.5785,6.0
2018-05-28,1480.103,7.0
2018-05-29,691.108,4.0
2018-05-30,736.8904,5.0
2018-05-31,0.0,0.0
2018-06-01,586.042,4.0
2018-06-02,135.70600000000002,4.0
2018-06-03,2349.857,6.0
2018-06-04,279.414,6.0
2018-06-05,491.11199999999997,2.0
2018-06-06,31.349999999999998,1.0
2018-06-07,0.0,0.0
2018-06-08,1230.0125,6.0
2018-06-09,719.0135,3.0
2018-06-10,1652.939,9.0
2018-06-11,1580.894,6.0
2018-06-12,1322.3685,6.0
2018-06-13,1156.018,3.0
2018-06-14,0.0,0.0
2018-06-15,2120.503,7.0
2018-06-16,2011.8745000000001,6.0
2018-06-17,992.8125000000001,5.0
2018-06-18,613.8725000000001,2.0
2018-06-19,1640.7175000000002,5.0
2018-06-20,1024.9085,5.0
2018-06-21,595.656,2.0
2018-06-22,579.019,4.0
2018-06-23,0.0,0.0
2018-06-24,1184.684,6.0
2018-06-25,1137.5925000000002,4.0
2018-06-26,3896.532,9.0
2018-06-27,858.0965000000001,3.0
2018-06-28,0.0,0.0
2018-06-29,3193.3927000000003,7.0
2018-06-30,3023.847,8.0
2018-07-01,639.83,1.0
2018-07-02,169.192,1.0
2018-07-03,3739.9840000000004,12.0
2018-07-04,0.0,0.0
2018-07-05,476.35400000000004,2.0
2018-07-06,380.37800000000004,3.0
2018-07-07,1409.6230000000003,4.0
2018-07-08,1694.4245,7.0
2018-07-09,1645.4045,5.0
2018-07-10,359.21399999999994,3.0
2018-07-11,942.0825000000001,5.0
2018-07-12,3.816,1.0
2018-07-13,504.542,2.0
2018-07-14,2209.6285000000003,2.0
2018-07-15,1596.4240000000002,3.0
2018-07-16,74.284,2.0
2018-07-17,1498.3485,4.0
2018-07-18,1706.505,2.0
2018-07-19,0.0,0.0
2018-07-20,2047.8685,4.0
2018-07-21,2558.2805,9.0
2018-07-22,530.6105000000001,2.0
2018-07-23,898.188,8.0
2018-07-24,500.6405000000001,1.0
2018-07-25,798.742,4.0
2018-07-26,862.9925000000001,1.0
2018-07-27,904.5525000000001,3.0
2018-07-28,525.6045000000001,1.0
2018-07-29,1391.294,6.0
2018-07-30,523.376,3.0
2018-07-31,1208.7185000000002,7.0
2018-08-01,1146.3085,5.0
2018-08-02,0.0,0.0
2018-08-03,514.828,5.0
2018-08-04,20.07,2.0
2018-08-05,503.676,3.0
2018-08-06,1099.7165,4.0
2018-08-07,2299.925,7.0
2018-08-08,0.0,0.0
2018-08-09,0.0,0.0
2018-08-10,869.2205000000001,2.0
2018-08-11,708.726,3.0
2018-08-12,2371.525,4.0
2018-08-13,1529.2225,4.0
2018-08-14,440.736,2.0
2018-08-15,648.8805000000001,3.0
2018-08-16,80.564,1.0
2018-08-17,3148.896,5.0
2018-08-18,2947.4380000000006,8.0
2018-08-19,512.446,4.0
2018-08-20,692.95,5.0
2018-08-21,3973.8360000000002,7.0
2018-08-22,524.54,2.0
2018-08-23,723.0885000000001,1.0
2018-08-24,539.4245000000001,2.0
2018-08-25,361.988,4.0
2018-08-26,190.66,3.0
2018-08-27,3863.2360000000003,9.0
2018-08-28,806.5225,3.0
2018-08-29,235.46800000000002,3.0
2018-08-30,0.0,0.0
2018-08-31,2607.7860000000005,8.0
2018-09-01,1261.81,5.0
2018-09-02,4665.966,13.0
2018-09-03,1595.849,8.0
2018-09-04,3236.3255000000004,16.0
2018-09-05,327.044,3.0
2018-09-06,0.0,0.0
2018-09-07,2771.2655,15.0
2018-09-08,1919.3425000000002,8.0
2018-09-09,2796.5740000000005,12.0
2018-09-10,2244.6925,9.0
2018-09-11,3027.5055,10.0
2018-09-12,491.54999999999995,4.0
2018-09-13,15.92,1.0
2018-09-14,2361.2805000000003,7.0
2018-09-15,5104.3,13.0
2018-09-16,794.0965000000001,6.0
2018-09-17,3048.5275,6.0
2018-09-18,1511.93,8.0
2018-09-19,1648.188,7.0
2018-09-20,2419.6425000000004,1.0
2018-09-21,338.172,7.0
2018-09-22,2946.4385,12.0
2018-09-23,2301.6105000000002,11.0
2018-09-24,5138.847000000001,12.0
2018-09-25,1412.213,7.0
2018-09-26,1056.0405,3.0
2018-09-27,0.0,0.0
2018-09-28,559.271,5.0
2018-09-29,1846.78,8.0
2018-09-30,540.76,5.0
2018-10-01,1774.2165,6.0
2018-10-02,2530.0470000000005,10.0
2018-10-03,1211.1405000000002,6.0
2018-10-04,19.98,1.0
2018-10-05,1985.2965000000002,5.0
2018-10-06,1180.82,4.0
2018-10-07,2053.909,5.0
2018-10-08,608.356,3.0
2018-10-09,1344.7795,6.0
2018-10-10,239.358,1.0
2018-10-11,0.0,0.0
2018-10-12,3412.8320000000003,9.0
2018-10-13,2414.3435000000004,6.0
2018-10-14,134.332,4.0
2018-10-15,1008.3405000000001,6.0
2018-10-16,1952.9755000000002,5.0
2018-10-17,126.352,3.0
2018-10-18,0.0,0.0
2018-10-19,1649.3227000000002,9.0
2018-10-20,1169.0905,7.0
2018-10-21,3006.1305,10.0
2018-10-22,2482.0945,6.0
2018-10-23,2528.5795000000003,5.0
2018-10-24,512.3205,2.0
2018-10-25,0.0,0.0
2018-10-26,999.868,5.0
2018-10-27,1030.2955000000002,6.0
2018-10-28,408.726,4.0
2018-10-29,46.96,1.0
2018-10-30,2710.619,7.0
2018-10-31,515.8005,2.0
2018-11-01,756.4505,2.0
2018-11-02,3621.5660000000003,12.0
2018-11-03,2905.05,16.0
2018-11-04,2286.3135,8.0
2018-11-05,2355.064,8.0
2018-11-06,2752.5305000000003,13.0
2018-11-07,2152.4745000000003,7.0
2018-11-08,384.1,2.0
2018-11-09,3226.5220000000004,7.0
2018-11-10,3178.5170000000003,9.0
2018-11-11,1157.7385000000002,12.0
2018-11-12,2700.635,14.0
2018-11-13,4165.885700000001,14.0
2018-11-14,834.6579999999999,8.0
2018-11-15,559.2,1.0
2018-11-16,2625.9175,12.0
2018-11-17,2662.4638000000004,11.0
2018-11-18,1469.756,8.0
2018-11-19,3829.9100000000003,15.0
2018-11-20,2159.5950000000003,9.0
2018-11-21,1537.497,7.0
2018-11-22,35.712,1.0
2018-11-23,1153.109,9.0
2018-11-24,3316.09,14.0
2018-11-25,2887.099,8.0
2018-11-26,2861.5835,8.0
2018-11-27,1618.254,7.0
2018-11-28,2798.0165,5.0
2018-11-29,491.888,1.0
2018-11-30,3834.5905000000002,11.0
2018-12-01,4765.0695000000005,14.0
2018-12-02,6029.200000000001,16.0
2018-12-03,1382.5225,8.0
2018-12-04,2491.2785,10.0
2018-12-05,1453.136,8.0
2018-12-06,10.68,1.0
2018-12-07,1527.1645,7.0
2018-12-08,4922.9245,9.0
2018-12-09,3803.0635,15.0
2018-12-10,2605.2700000000004,12.0
2018-12-11,1783.977,10.0
2018-12-12,0.0,0.0
2018-12-13,580.936,3.0
2018-12-14,2698.0855,6.0
2018-12-15,306.88800000000003,3.0
2018-12-16,858.702,5.0
2018-12-17,1979.7590000000002,9.0
2018-12-18,1800.6940000000002,9.0
2018-12-19,730.9465000000001,3.0
2018-12-20,377.736,2.0
2018-12-21,1641.5605,8.0
2018-12-22,5152.150000000001,12.0
2018-12-23,1926.776,7.0
2018-12-24,3009.0275,11.0
2018-12-25,2570.4675,10.0
2018-12-26,564.5545000000001,4.0
2018-12-27,177.636,1.0
2018-12-28,1432.1513000000002,10.0
2018-12-29,2208.3345,6.0
2018-12-30,713.7900000000001,4.0
